{
  "L_basal": {
    "S1": 0.5398286056867103,
    "ST": 0.6016233655970666
  },
  "L_capacity": {
    "S1": 0.18000001832267437,
    "ST": 0.30546240774185746
  },
  "k_S_L": {
    "S1": 0.0018354243954258776,
    "ST": 0.00015256625481029683
  },
  "k_I_L": {
    "S1": 0.005729246958090435,
    "ST": 0.00012613107329545012
  },
  "gamma_L": {
    "S1": 0.09234727267189938,
    "ST": 0.2544577046378514
  },
  "k_B_L": {
    "S1": 0.004334955545875828,
    "ST": 3.898838237741833e-05
  },
  "theta_L": {
    "S1": 1.3115743370752984,
    "ST": 1.680836610170875
  },
  "gamma_B": {
    "S1": -5.450855523910632e-05,
    "ST": 1.0476838804903043e-05
  },
  "k_A_B": {
    "S1": -0.0599048932901338,
    "ST": 0.006102320853104532
  },
  "gamma_A": {
    "S1": 0.09824590316111642,
    "ST": 0.09650683552153223
  },
  "k_L_S": {
    "S1": 0.00016364121709254084,
    "ST": 1.3277592026464996e-06
  },
  "k_A_S": {
    "S1": -3.2589719277599e-05,
    "ST": 2.9069960616253973e-09
  },
  "k_S_M": {
    "S1": 1.0835999638062247e-05,
    "ST": 3.3658208065654297e-10
  },
  "k_L_M": {
    "S1": -4.641973618147674e-05,
    "ST": 1.0607129718685213e-08
  },
  "I_basal": {
    "S1": -1.2397708555849478e-06,
    "ST": 1.1377792919887156e-09
  },
  "k_M_I": {
    "S1": 0.00011584282890081018,
    "ST": 7.097745103404175e-08
  },
  "gamma_I": {
    "S1": 0.0012248588326544837,
    "ST": 7.211788260579063e-06
  },
  "gamma_S": {
    "S1": -0.0006192617101453121,
    "ST": 6.352608367848509e-06
  },
  "M_basal": {
    "S1": 9.431323979088706e-05,
    "ST": 4.549902628320746e-08
  },
  "gamma_M": {
    "S1": 5.1209298125074056e-05,
    "ST": 1.3161911942373797e-08
  }
}