{
  "timestamp": "2026-07-03T14:48:54.369855",
  "params": {
    "L": 8,
    "M_trotter": 16,
    "J_t": 1.0,
    "Gamma": 1.0,
    "h": 0.0,
    "n_thermal": 2000,
    "n_samples": 5000,
    "sample_interval": 10,
    "seed": 42
  },
  "K_t": 0.0625,
  "K_tau": 1.386944810040185,
  "mean_energy": -1.2513552666294403,
  "std_energy": 0.05731687392584378,
  "mean_v": 0.1556875,
  "std_v": 0.1263624035512541,
  "mean_v_stag": 0.48925,
  "std_v_stag": 0.3002939055117503,
  "xi_t": Infinity,
  "v_star_theory": 0.3068528194400547,
  "delta_v_star": 0.1511653194400547,
  "corr_t": [
    1.0,
    1.0,
    1.0,
    1.0,
    1.0
  ]
}