{
  "L_basal": {
    "S1": 0.15237268609037574,
    "ST": 0.2845208000042183,
    "mu_star": 0.2641355187955405,
    "sigma": 0.4656457244733586
  },
  "L_capacity": {
    "S1": 0.02781297849856788,
    "ST": 0.19040463735089833,
    "mu_star": 0.364933743225489,
    "sigma": 0.5805650313747264
  },
  "k_S_L": {
    "S1": -0.03628563292643848,
    "ST": 0.08541442223973349,
    "mu_star": 0.06481724294694328,
    "sigma": 0.25593621823773355
  },
  "k_I_L": {
    "S1": 0.031101859188002727,
    "ST": 0.15642019372294996,
    "mu_star": 0.23978782585136935,
    "sigma": 0.49910589926127874
  },
  "gamma_L": {
    "S1": 0.08333411126207163,
    "ST": 0.1691481945653846,
    "mu_star": 0.1993673907430882,
    "sigma": 0.44391185190365456
  },
  "k_B_L": {
    "S1": 0.012119218929791033,
    "ST": 0.00664127870958649,
    "mu_star": 0.14202207104113812,
    "sigma": 0.22309834096676512
  },
  "theta_L": {
    "S1": 0.4527794064831282,
    "ST": 0.748476291223805,
    "mu_star": 0.8319804733396495,
    "sigma": 0.5811630285574276
  },
  "gamma_B": {
    "S1": -0.005686190419541831,
    "ST": 0.0013660391995018223,
    "mu_star": 0.013939150972477637,
    "sigma": 0.03385040450636324
  },
  "k_A_B": {
    "S1": 0.050372289292677994,
    "ST": 0.06375858198539926,
    "mu_star": 0.22949842314020708,
    "sigma": 0.3464009921875076
  },
  "gamma_A": {
    "S1": 0.020854202327588004,
    "ST": 0.026304574179593733,
    "mu_star": 0.12938185362806195,
    "sigma": 0.1744911264821691
  },
  "k_L_S": {
    "S1": -0.03547709206470665,
    "ST": 0.033437740146467256,
    "mu_star": 0.03869202378089256,
    "sigma": 0.169333745535251
  },
  "k_A_S": {
    "S1": -0.0006029024352261274,
    "ST": 9.062174645417276e-06,
    "mu_star": 0.03624140724942587,
    "sigma": 0.15776687784032406
  },
  "k_S_M": {
    "S1": -0.0005382280978480153,
    "ST": 6.355453653272566e-05,
    "mu_star": 0.0012635335433441865,
    "sigma": 0.0052577770711689994
  },
  "k_L_M": {
    "S1": 0.0011362490954430742,
    "ST": 0.000744091303988186,
    "mu_star": 0.00191399597937023,
    "sigma": 0.006573039364951133
  },
  "I_basal": {
    "S1": 0.0013404638242174183,
    "ST": 0.00020806691411978022,
    "mu_star": 2.9738457152460593e-05,
    "sigma": 8.971286660914696e-05
  },
  "k_M_I": {
    "S1": 0.013927991502218755,
    "ST": 0.015524524500808259,
    "mu_star": 0.07336908555028022,
    "sigma": 0.267678768125598
  },
  "gamma_I": {
    "S1": 0.006184973379411762,
    "ST": 0.0014267130302366606,
    "mu_star": 0.0004441597378426307,
    "sigma": 0.001122510950192763
  },
  "gamma_S": {
    "S1": -0.01629090448618694,
    "ST": 0.006862730603799233,
    "mu_star": 0.05821257963165259,
    "sigma": 0.2494398897370489
  },
  "M_basal": {
    "S1": 0.004331894388235141,
    "ST": 0.003460644698034851,
    "mu_star": 7.802763819318479e-05,
    "sigma": 0.0003123675649195462
  },
  "gamma_M": {
    "S1": -0.00690199157473742,
    "ST": 0.0012643496286204785,
    "mu_star": 0.02467112395700364,
    "sigma": 0.09191774361094447
  }
}